{
	"format_version": "1.8.0",
	"animations": {
		"animation.bosscrystal.idle": {
			"loop": true,
			"animation_length": 3,
			"bones": {
				"crystal": {
					"rotation": {
						"0.0": [0, 0, 0],
						"0.5": [132.50238, -44.94549, -86.46671],
						"1.0": [180.02728, 1.76749, 1.76833],
						"1.5": [227.5, -45, 90],
						"2.0": [269.94549, 0.00168, 183.53497],
						"2.5": [224.97275, 0.00084, 91.76749],
						"3.0": [0, 0, 0]
					}
				}
			}
		}
	},
	"geckolib_format_version": 2
}