{
	"format_version": "1.8.0",
	"animations": {
		"animation.tower_guardian.walk": {
			"loop": true,
			"animation_length": 4.44,
			"bones": {
				"leg_1": {
					"rotation": {
						"0.0": [0, 0, 0],
						"1.32": [15, 0, 0],
						"2.72": [-17.5, 0, 0],
						"3.92": [0, 0, 0]
					}
				},
				"leg_2": {
					"rotation": {
						"0.0": [0, 0, 0],
						"1.32": [-17.5, 0, 0],
						"2.72": [17.5, 0, 0],
						"3.92": [0, 0, 0]
					}
				},
				"arm_1": {
					"rotation": {
						"0.0": [0, 0, -2.5],
						"1.32": [-14.98637, 0.64686, 2.41492],
						"2.72": [24.91643, 2.11089, -4.53359],
						"3.92": [0, 0, -2.5]
					}
				},
				"arm_2": {
					"rotation": {
						"0.0": [0, 0, 2.5],
						"1.32": [19.9299, -1.70818, 4.69986],
						"2.72": [-12.48848, -0.54094, -2.44081],
						"3.92": [0, 0, 2.5]
					}
				},
				"head_group": {
					"rotation": {
						"0.0": [0, 0, 0],
						"1.32": [0, 0, 2.5],
						"2.72": [0, 0, -2.5],
						"3.92": [0, 0, 0]
					}
				},
				"chest_group": {
					"rotation": {
						"0.0": [0, 0, 0],
						"1.32": [0, 0, 2.5],
						"2.72": [0, 0, -2.5],
						"3.92": [0, 0, 0]
					}
				},
				"lower_body": {
					"rotation": {
						"0.0": [0, 0, 0],
						"1.32": [0, 0, 2.5],
						"2.72": [0, 0, -2.5],
						"3.92": [0, 0, 0]
					}
				}
			}
		},
		"animation.tower_guardian.idle": {
			"loop": true,
			"animation_length": 4.32,
			"bones": {
				"arm_1": {
					"rotation": {
						"0.0": [0, 0, 0],
						"2.0": [0, 0, -7.5],
						"3.96": [0, 0, 0]
					}
				},
				"arm_2": {
					"rotation": {
						"0.0": [0, 0, 0],
						"2.0": [0, 0, 7.5],
						"3.96": [0, 0, 0]
					}
				},
				"head_group": {
					"position": {
						"0.0": [0, 0, 0],
						"0.96": [0, 0.2, 0],
						"2.0": [0, 0, 0],
						"2.96": [0, 0.2, 0],
						"4.0": [0, 0, 0]
					}
				},
				"chest_group": {
					"rotation": {
						"0.6": [-2.5, 0, 0],
						"2.68": [2.5, 0, 0],
						"4.12": [-2.5, 0, 0]
					}
				}
			}
		},
		"animation.tower_guardian.smash": {
			"animation_length": 2.08,
			"bones": {
				"leg_1": {
					"rotation": {
						"0.0": [0, 0, 0],
						"0.52": [-15, 0, 0],
						"0.8": [10, 0, 0],
						"2.08": [0, 0, 0]
					}
				},
				"leg_2": {
					"rotation": {
						"0.0": [0, 0, 0],
						"0.52": [-5, 0, 0],
						"0.8": [28, 0, 0],
						"2.08": [0, 0, 0]
					}
				},
				"arm_1": {
					"rotation": {
						"0.0": [0, 0, 0],
						"0.52": [-180, 0, 5],
						"0.8": [-27, 0, -5],
						"2.08": [0, 0, 0]
					},
					"position": {
						"0.0": [0, 0, 0],
						"0.52": [0, 0, 8],
						"0.8": [0, -25, -28],
						"2.08": [0, 0, 0]
					}
				},
				"arm_2": {
					"rotation": {
						"0.0": [0, 0, 0],
						"0.52": [-180, 0, 5],
						"0.8": [-27, 0, 5],
						"2.08": [0, 0, 0]
					},
					"position": {
						"0.0": [0, 0, 0],
						"0.52": [0, 0, 8],
						"0.8": [0, -25, -28],
						"2.08": [0, 0, 0]
					}
				},
				"head_group": {
					"rotation": {
						"0.0": [0, 0, 0],
						"0.52": [-35, 0, 0],
						"0.8": [83, 0, 0],
						"2.08": [0, 0, 0]
					},
					"position": {
						"0.0": [0, 0, 0],
						"0.52": [0, 2, 10],
						"0.8": [0, -32, -28],
						"2.04": [0, 0, 0]
					}
				},
				"chest_group": {
					"rotation": {
						"0.0": [0, 0, 0],
						"0.52": [-25, 0, 0],
						"0.8": [82, 0, 0],
						"2.08": [0, 0, 0]
					},
					"position": {
						"0.0": [0, 0, 0],
						"0.52": [0, 0, 2],
						"0.8": [0, -13, -15],
						"2.08": [0, 0, 0]
					}
				},
				"lower_body": {
					"rotation": {
						"0.0": [0, 0, 0],
						"0.52": [-5, 0, 0],
						"0.8": [72, 0, 0],
						"2.08": [0, 0, 0]
					}
				}
			}
		}
	},
	"geckolib_format_version": 2
}