{
	"format_version": "1.8.0",
	"animations": {
		"animation.eskimo.walk": {
			"animation_length": 1.68,
			"bones": {
				"head": {
					"rotation": {
						"0.0": {
							"vector": [0.56362, -0.42599, -2.40021]
						},
						"0.16": {
							"vector": [-0.5453, 0.4492, 2.39597]
						},
						"0.32": {
							"vector": [0.56362, -0.42599, -2.40021]
						},
						"0.48": {
							"vector": [-0.5453, 0.4492, 2.39597]
						},
						"0.64": {
							"vector": [0.56362, -0.42599, -2.40021]
						},
						"0.8": {
							"vector": [0.23322, 1.70304, 2.10837]
						},
						"0.96": {
							"vector": [-0.64494, 0.04133, -2.5868]
						},
						"1.12": {
							"vector": [0.66458, -0.01844, 2.58175]
						},
						"1.28": {
							"vector": [-0.64494, 0.04133, -2.5868]
						},
						"1.44": {
							"vector": [0.66458, -0.01844, 2.58175]
						}
					}
				},
				"leg0": {
					"rotation": {
						"0.0": {
							"vector": [-2.5, 0, 0]
						},
						"0.12": {
							"vector": [-5, 0, 0]
						},
						"0.24": {
							"vector": [-7.5, 0, 0]
						},
						"0.36": {
							"vector": [-10, 0, 0]
						},
						"0.48": {
							"vector": [-7.5, 0, 0]
						},
						"0.6": {
							"vector": [0, 0, 0]
						},
						"0.76": {
							"vector": [2.5, 0, 0]
						},
						"0.88": {
							"vector": [5, 0, 0]
						},
						"1.0": {
							"vector": [7.5, 0, 0]
						},
						"1.12": {
							"vector": [10, 0, 0]
						},
						"1.24": {
							"vector": [7.5, 0, 0]
						},
						"1.36": {
							"vector": [0, 0, 0]
						}
					}
				},
				"leg1": {
					"rotation": {
						"0.0": {
							"vector": [2.5, 0, 0]
						},
						"0.12": {
							"vector": [5, 0, 0]
						},
						"0.24": {
							"vector": [7.5, 0, 0]
						},
						"0.36": {
							"vector": [10, 0, 0]
						},
						"0.48": {
							"vector": [7.5, 0, 0]
						},
						"0.6": {
							"vector": [0, 0, 0]
						},
						"0.76": {
							"vector": [-2.5, 0, 0]
						},
						"0.88": {
							"vector": [-5, 0, 0]
						},
						"1.0": {
							"vector": [-7.5, 0, 0]
						},
						"1.12": {
							"vector": [-10, 0, 0]
						},
						"1.24": {
							"vector": [-7.5, 0, 0]
						},
						"1.36": {
							"vector": [0, 0, 0]
						}
					}
				},
				"arms": {
					"rotation": {
						"0.0": {
							"vector": [0.34064, 0.50007, 2.42717]
						},
						"0.16": {
							"vector": [-0.31917, -0.51404, -2.42425]
						},
						"0.32": {
							"vector": [0.34064, 0.50007, 2.42717]
						},
						"0.48": {
							"vector": [-0.31917, -0.51404, -2.42425]
						},
						"0.64": {
							"vector": [0.34064, 0.50007, 2.42717]
						},
						"0.8": {
							"vector": [-0.31917, -0.51404, -2.42425]
						},
						"0.96": {
							"vector": [0.34064, 0.50007, 2.42717]
						},
						"1.12": {
							"vector": [-0.31917, -0.51404, -2.42425]
						},
						"1.28": {
							"vector": [0.34064, 0.50007, 2.42717]
						},
						"1.44": {
							"vector": [-0.14844, -0.16589, 0.04448]
						}
					}
				}
			}
		},
		"animation.eskimo.idle": {
			"loop": true,
			"animation_length": 3.16,
			"bones": {
				"arms": {
					"rotation": {
						"0.0": {
							"vector": [-5, 0, 0]
						},
						"1.56": {
							"vector": [-7.5, 0, 0]
						},
						"3.12": {
							"vector": [-5, 0, 0]
						}
					}
				}
			}
		}
	},
	"geckolib_format_version": 2
}